{
    "Binary classification": [
        {
            "Accuracy": 0.892,
            "Dataset": "Phishing",
            "F1": 0.8789237668161435,
            "Memory": 5811,
            "Model": "Logistic regression",
            "Time": 95.269
        },
        {
            "Accuracy": 0.5373584905660377,
            "Dataset": "Bananas",
            "F1": 0.22109275730622616,
            "Memory": 4423,
            "Model": "Logistic regression",
            "Time": 296.044
        }
    ]
}