{
    "Binary classification": [
        {
            "Accuracy": 0.8448,
            "Dataset": "Phishing",
            "F1": 0.8183520599250936,
            "Memory": 2202,
            "Model": "onelearn AMFClassifier",
            "Time": 6941.818
        },
        {
            "Accuracy": 0.7016981132075472,
            "Dataset": "Bananas",
            "F1": 0.7323514474352464,
            "Memory": 2174,
            "Model": "onelearn AMFClassifier",
            "Time": 1255.55
        }
    ]
}